{"x1": 3.5232309219355153, "x0": 12.600000080573489, "loss": 1.0646615711815046}